username,FirstName,LastName,password
m210006,Tootsie,Tuerena,TootsieTuerena
m210012,Radcliffe,Randleson,RadcliffeRandleson
m210018,Diego,Durrand,DiegoDurrand
m210024,Brockie,Wildman,BrockieWildman
m210030,Stillman,Stonhard,StillmanStonhard
m210036,Tove,Tidd,ToveTidd
m210042,Zechariah,Ghidelli,ZechariahGhidelli
m210048,Margi,Lindmark,MargiLindmark
m210054,Danny,Mathivon,DannyMathivon
m210060,Rurik,Rosenauer,RurikRosenauer
m210066,Hamid,Lamball,HamidLamball
m210072,Bill,Bonhomme,BillBonhomme
m210078,Almire,Hovard,AlmireHovard
m210084,Babs,Dodridge,BabsDodridge
m210090,Barnebas,Houndson,BarnebasHoundson
m210096,Shannen,McKain,ShannenMcKain
m210102,Loralee,Stanfield,LoraleeStanfield
m210108,Rorie,Cassimer,RorieCassimer
m210114,Massimo,Gyngell,MassimoGyngell
m210120,Nicky,Scargle,NickyScargle
m210126,Zack,Ingall,ZackIngall
m210132,Adolphus,Ozelton,AdolphusOzelton
m210138,Saunders,Slowan,SaundersSlowan
m210144,Meier,Humphrys,MeierHumphrys
m210150,Jo ann,MacDougal,Jo annMacDougal
m210156,Tom,Akister,TomAkister
m210162,Hobey,Tibald,HobeyTibald
m210168,Jae,Kain,JaeKain
m210174,Brandy,Forton,BrandyForton
m210180,Novelia,Figures,NoveliaFigures
m210186,Bathsheba,Dalligan,BathshebaDalligan
m210192,Jean,Gulleford,JeanGulleford
m210198,Arvie,Hearse,ArvieHearse
m210204,Skippie,Slot,SkippieSlot
m210210,Rozelle,Tremellan,RozelleTremellan
m210216,Leonardo,Overthrow,LeonardoOverthrow
m210222,Elnar,Gonnard,ElnarGonnard
m210228,Antonino,Bowbrick,AntoninoBowbrick
m210234,Ronald,Pasley,RonaldPasley
m210240,Kassi,Kalisz,KassiKalisz
m210246,Fallon,Hearmon,FallonHearmon
m210252,Perkin,Yegorchenkov,PerkinYegorchenkov
m210258,Darell,Lissett,DarellLissett
m210264,Tiebold,Challin,TieboldChallin
m210270,Veronike,Ocklin,VeronikeOcklin
m210276,Audy,Enevold,AudyEnevold
m210282,Korey,Liversedge,KoreyLiversedge
m210288,Gabriel,Mattschas,GabrielMattschas
m210294,Brina,Edgett,BrinaEdgett
m210300,Sheppard,Keher,SheppardKeher
m210306,Aguistin,Lomen,AguistinLomen
m210312,Marlena,Greave,MarlenaGreave
m210318,Christos,Dain,ChristosDain
m210324,Cherey,Woodyatt,ChereyWoodyatt
m210330,Winne,Lum,WinneLum
m210336,Selena,Alderman,SelenaAlderman
m210342,Constantine,Poplee,ConstantinePoplee
m210348,Archibald,MacPharlain,ArchibaldMacPharlain
m210354,Rem,McTrustie,RemMcTrustie
m210360,Heloise,Astill,HeloiseAstill
m210366,Ali,Martinolli,AliMartinolli
m210372,Ansley,Daulton,AnsleyDaulton
m210378,Orlando,Lounds,OrlandoLounds
m210384,Frans,Tattam,FransTattam
m210390,Faustine,Croasdale,FaustineCroasdale
m210396,Giselbert,Toe,GiselbertToe
m210402,Ferguson,Galpen,FergusonGalpen
m210408,Ami,Grangier,AmiGrangier
m210414,Elicia,Illes,EliciaIlles
m210420,Godfry,Mutlow,GodfryMutlow
m210426,Nanine,Broker,NanineBroker
m210432,Aubert,Lindell,AubertLindell
m210438,Kit,Jotcham,KitJotcham
m210444,Waverley,Criple,WaverleyCriple
m210450,Dedie,Wainwright,DedieWainwright
m210456,Tammie,Ailward,TammieAilward
m210462,Coletta,Cowser,ColettaCowser
m210468,Karlyn,Lisciandri,KarlynLisciandri
m210474,Sean,Finney,SeanFinney
m210480,Lambert,Camelia,LambertCamelia
m210486,Carlotta,Menloe,CarlottaMenloe
m210492,Gifford,Hanhardt,GiffordHanhardt
m210498,Hermon,Marxsen,HermonMarxsen
m210504,Ingrid,Milroy,IngridMilroy
m210510,Ax,Petrov,AxPetrov
m210516,Denny,Jenk,DennyJenk
m210522,Brendan,Judgkins,BrendanJudgkins
m210528,Kingston,Rathmell,KingstonRathmell
m210534,Martino,Franchioni,MartinoFranchioni
m210540,Perla,O'Deoran,PerlaO'Deoran
m210546,Rosco,Morfield,RoscoMorfield
m210552,Rocky,Grunbaum,RockyGrunbaum
m210558,Vonny,Winning,VonnyWinning
m210564,Gottfried,Hewkin,GottfriedHewkin
m210570,Hunt,Yurov,HuntYurov
m210576,Wilek,Roo,WilekRoo
m210582,Mariejeanne,Shobbrook,MariejeanneShobbrook
m210588,Lazarus,Ronisch,LazarusRonisch
m210594,Carolynn,Yorke,CarolynnYorke
m210600,Trey,Rushford,TreyRushford
m210606,Sholom,Jacobi,SholomJacobi
m210612,Iris,O'Hannigan,IrisO'Hannigan
m210618,Curt,Sutton,CurtSutton
m210624,Toddy,O'Sherin,ToddyO'Sherin
m210630,Solomon,MacCumiskey,SolomonMacCumiskey
m210636,Chrystal,Beig,ChrystalBeig
m210642,Russell,Vassay,RussellVassay
m210648,Willis,Britney,WillisBritney
m210654,Hedwiga,Ascrofte,HedwigaAscrofte
m210660,Barbe,Huggins,BarbeHuggins
m210666,Sargent,Nisen,SargentNisen
m210672,Robinet,Frise,RobinetFrise
m210678,Umeko,Rustich,UmekoRustich
m210684,Victoir,Sivil,VictoirSivil
m210690,Harley,Pietruszka,HarleyPietruszka
m210696,Calli,Barstowk,CalliBarstowk
m210702,Winonah,Yepiskopov,WinonahYepiskopov
m210708,Norri,Kiezler,NorriKiezler
m210714,Eleanore,Dufore,EleanoreDufore
m210720,Armin,Kruschov,ArminKruschov
m210726,Kermy,Prestige,KermyPrestige
m210732,Kristi,Coronado,KristiCoronado
m210738,Beverlie,Layborn,BeverlieLayborn
m210744,Tann,Bugg,TannBugg
m210750,Roddie,Zambon,RoddieZambon
m210756,Carma,Blenkinship,CarmaBlenkinship
m210762,Dennet,Escritt,DennetEscritt
m210768,Phylis,Rattenbury,PhylisRattenbury
m210774,Verena,Struijs,VerenaStruijs
m210780,Earle,Jellyman,EarleJellyman
m210786,Dunstan,Wiltshaw,DunstanWiltshaw
m210792,Maurizia,Cozens,MauriziaCozens
m210798,Juliane,Urien,JulianeUrien
m210804,Kelly,Gowler,KellyGowler
m210810,Karoly,Meininger,KarolyMeininger
m210816,Dale,Freed,DaleFreed
m210822,Klement,MacConnulty,KlementMacConnulty
m210828,Phillipe,Tesmond,PhillipeTesmond
m210834,Bern,Veldman,BernVeldman
m210840,Nolie,Carrivick,NolieCarrivick
m210846,Yolane,Sutton,YolaneSutton
m210852,Fraze,Arnaudon,FrazeArnaudon
m210858,Duff,Tregunnah,DuffTregunnah
m210864,Land,Loxston,LandLoxston
m210870,Field,Magnay,FieldMagnay
m210876,Corena,Callan,CorenaCallan
m210882,Donovan,Hickisson,DonovanHickisson
m210888,Care,Drever,CareDrever
m210894,Jock,Ucchino,JockUcchino
m210900,Hillie,Eberst,HillieEberst
m210906,Maire,Etridge,MaireEtridge
m210912,Igor,Carlan,IgorCarlan
m210918,Kristofer,Appleby,KristoferAppleby
m210924,Johanna,Skoggins,JohannaSkoggins
m210930,Brady,Twell,BradyTwell
m210936,Kettie,Hirtz,KettieHirtz
m210942,Candis,Besque,CandisBesque
m210948,Farly,Boulding,FarlyBoulding
m210954,Wiley,Linzey,WileyLinzey
m210960,Dew,Hargie,DewHargie
m210966,Merrill,Christal,MerrillChristal
m210972,Chet,Shorthouse,ChetShorthouse
m210978,Nertie,Trenbay,NertieTrenbay
m210984,Leena,Swalteridge,LeenaSwalteridge
m210990,Storm,Isenor,StormIsenor
m210996,Janine,Stalley,JanineStalley
m211002,Humphrey,Ficken,HumphreyFicken
m211008,Ursa,Govenlock,UrsaGovenlock
m211014,Dene,Cockburn,DeneCockburn
m211020,Avis,Teape,AvisTeape
m211026,Morse,Henfre,MorseHenfre
m211032,Daphne,Traves,DaphneTraves
m211038,Umeko,Toland,UmekoToland
m211044,Orran,McGarrie,OrranMcGarrie
m211050,Dulcea,Shreeves,DulceaShreeves
m211056,Harlene,Axten,HarleneAxten
m211062,Casey,Dally,CaseyDally
m211068,Winnie,Coutts,WinnieCoutts
m211074,Wilmar,Abbatini,WilmarAbbatini
m211080,Carolus,Orrum,CarolusOrrum
m211086,Dunn,Glanvill,DunnGlanvill
m211092,Cori,Babcock,CoriBabcock
m211098,Oralia,Ivashintsov,OraliaIvashintsov
m211104,Quent,MacBey,QuentMacBey
m211110,Marven,Le Bosse,MarvenLe Bosse
m211116,Laurens,Kembley,LaurensKembley
m211122,Jena,Alven,JenaAlven
m211128,Nicholas,Partleton,NicholasPartleton
m211134,Myra,Serjeantson,MyraSerjeantson
m211140,Zorana,Lidbetter,ZoranaLidbetter
m211146,Urson,Schleswig-Holstein,UrsonSchleswig-Holstein
m211152,Randy,MacEveley,RandyMacEveley
m211158,Prinz,Iban,PrinzIban
m211164,Donella,Bartelet,DonellaBartelet
m211170,Willyt,Giveen,WillytGiveen
m211176,Sandy,Habert,SandyHabert
m211182,June,Hogsden,JuneHogsden
m211188,Shayna,O'Curran,ShaynaO'Curran
m211194,Cherish,Branchett,CherishBranchett
m211200,Elvera,Holywell,ElveraHolywell
m211206,Marie,Kundt,MarieKundt
m211212,Savina,De Santos,SavinaDe Santos
m211218,Jacques,Sibbe,JacquesSibbe
m211224,Willey,Tompkins,WilleyTompkins
m211230,Bartholomeo,Chatband,BartholomeoChatband
m211236,Maryjane,Hunton,MaryjaneHunton
m211242,Nat,Shimmings,NatShimmings
m211248,Robyn,Jozef,RobynJozef
m211254,Larry,Sellner,LarrySellner
m211260,Esra,Cranshaw,EsraCranshaw
m211266,Rahel,Dechelette,RahelDechelette
m211272,Edgardo,Fullagar,EdgardoFullagar
m211278,Lawrence,Godrich,LawrenceGodrich
m211284,Demetra,Nono,DemetraNono
m211290,Artemas,Hainey`,ArtemasHainey`
m211296,Hamilton,Chivrall,HamiltonChivrall
m211302,Lorin,Mumby,LorinMumby
m211308,Averill,Linnett,AverillLinnett
m211314,Luigi,Fallon,LuigiFallon
m211320,Patrice,Rhodus,PatriceRhodus
m211326,Gardener,Maymand,GardenerMaymand
m211332,Bendick,Cafferty,BendickCafferty
m211338,Christoph,Jaze,ChristophJaze
m211344,Porter,Faithfull,PorterFaithfull
m211350,Hewett,Le Lievre,HewettLe Lievre
m211356,Min,Corington,MinCorington
m211362,Perren,Nolte,PerrenNolte
m211368,Jenny,Giacomozzo,JennyGiacomozzo
m211374,Candide,Dunbobbin,CandideDunbobbin
m211380,Issie,MacDonnell,IssieMacDonnell
m211386,Cazzie,Bouzek,CazzieBouzek
m211392,Beverley,Kubalek,BeverleyKubalek
m211398,Rheba,Ucchino,RhebaUcchino
m211404,Aile,Kalkhoven,AileKalkhoven
m211410,Johannah,Costerd,JohannahCosterd
m211416,D'arcy,Sills,D'arcySills
m211422,Ettore,Vautre,EttoreVautre
m211428,Joyan,Kolak,JoyanKolak
m211434,Conny,Wisson,ConnyWisson
m211440,Archibald,Tetford,ArchibaldTetford
m211446,Regen,Raffels,RegenRaffels
m211452,Parke,Potter,ParkePotter
m211458,Graig,Barth,GraigBarth
m211464,Sebastiano,Ecob,SebastianoEcob
m211470,Shea,Champe,SheaChampe
m211476,Yorker,Gawthorp,YorkerGawthorp
m211482,Westley,Shellsheere,WestleyShellsheere
m211488,Amii,Aldous,AmiiAldous
m211494,Ceil,Bartoszek,CeilBartoszek
m211500,Byran,de Banke,Byrande Banke
m211506,Gifford,Francescuccio,GiffordFrancescuccio
m211512,Rosamund,Collington,RosamundCollington
m211518,Nita,Tegler,NitaTegler
m211524,Ches,Hubach,ChesHubach
m211530,Alexio,Zanetello,AlexioZanetello
m211536,Dannie,Cristofaro,DannieCristofaro
m211542,Jerry,Castri,JerryCastri
m211548,Emili,Feldhammer,EmiliFeldhammer
m211554,Stephine,Dansey,StephineDansey
m211560,Michaella,Marzelle,MichaellaMarzelle
m211566,Brendis,Dachs,BrendisDachs
m211572,Cosimo,Klouz,CosimoKlouz
m211578,Alvin,Freezer,AlvinFreezer
m211584,Samuel,Waleran,SamuelWaleran
m211590,Conant,Stodit,ConantStodit
m211596,Alyss,Mazzilli,AlyssMazzilli
m211602,Catlaina,Tommasuzzi,CatlainaTommasuzzi
m211608,Waverley,Ebbens,WaverleyEbbens
m211614,Lawry,Gravells,LawryGravells
m211620,Brit,Bletsor,BritBletsor
m211626,Tucker,Zorzutti,TuckerZorzutti
m211632,Flossie,Leethem,FlossieLeethem
m211638,Chris,Solomon,ChrisSolomon
m211644,Nevile,Styant,NevileStyant
m211650,Haily,Croysdale,HailyCroysdale
m211656,Marcella,Ort,MarcellaOrt
m211662,Merrily,Chauvey,MerrilyChauvey
m211668,Giavani,Worral,GiavaniWorral
m211674,Almeda,Vogt,AlmedaVogt
m211680,Griselda,Voaden,GriseldaVoaden
m211686,Gawen,Matura,GawenMatura
m211692,Duncan,Denisovo,DuncanDenisovo
m211698,Hakim,Weatherall,HakimWeatherall
m211704,Elbertine,Godar,ElbertineGodar
m211710,Ursulina,Garvill,UrsulinaGarvill
m211716,Concettina,Tuther,ConcettinaTuther
m211722,Winifield,Stansell,WinifieldStansell
m211728,Rich,Jansie,RichJansie
m211734,Linus,Greydon,LinusGreydon
m211740,Henrie,Grabban,HenrieGrabban
m211746,Clayson,Gameson,ClaysonGameson
m211752,Darbie,Sisey,DarbieSisey
m211758,Estella,Barnish,EstellaBarnish
m211764,Denna,Gadeaux,DennaGadeaux
m211770,Jillie,Napton,JillieNapton
m211776,Bettine,Krook,BettineKrook
m211782,Haydon,Windrass,HaydonWindrass
m211788,Coletta,Liggens,ColettaLiggens
m211794,Pattie,Babbidge,PattieBabbidge
m211800,Ramon,Cregeen,RamonCregeen
m211806,Tadeas,Bessent,TadeasBessent
m211812,Cleon,Bilovus,CleonBilovus
m211818,Waneta,Cavill,WanetaCavill
m211824,Gae,Scoyles,GaeScoyles
m211830,Chance,Bulfoy,ChanceBulfoy
m211836,Tremayne,Wincer,TremayneWincer
m211842,Reena,Birch,ReenaBirch
m211848,Leone,Matevosian,LeoneMatevosian
m211854,Jessy,Wheatley,JessyWheatley
m211860,Cherri,Gammon,CherriGammon
m211866,Britteny,Cestard,BrittenyCestard
m211872,Sylas,Ivanenko,SylasIvanenko
m211878,Miner,McTrusty,MinerMcTrusty
m211884,Inger,Bertelsen,IngerBertelsen
m211890,Avrom,Dalloway,AvromDalloway
m211896,Ardys,Kix,ArdysKix
m211902,Pepita,O'Gormally,PepitaO'Gormally
m211908,Deedee,Pocklington,DeedeePocklington
m211914,Edeline,Nettle,EdelineNettle
m211920,Theodore,Dewey,TheodoreDewey
m211926,Berty,Hurring,BertyHurring
m211932,Quent,Silk,QuentSilk
m211938,Loraine,Clynman,LoraineClynman
m211944,Idalia,Dukelow,IdaliaDukelow
m211950,Dyane,Mence,DyaneMence
m211956,Niko,Cruickshank,NikoCruickshank
m211962,Elysee,Yanyushkin,ElyseeYanyushkin
m211968,Raymond,Reveley,RaymondReveley
m211974,Laurice,Kirkam,LauriceKirkam
m211980,Ralph,Berger,RalphBerger
m211986,Paco,Burnett,PacoBurnett
m211992,Robinet,Clabburn,RobinetClabburn
m211998,Eliza,Attaway,ElizaAttaway
m212004,Valentino,Ounsworth,ValentinoOunsworth
m212010,Rossy,Peiro,RossyPeiro
m212016,Arthur,Jacombs,ArthurJacombs
m212022,Brittney,Merrien,BrittneyMerrien
m212028,Darb,Duffyn,DarbDuffyn
m212034,Delmer,Brimilcome,DelmerBrimilcome
m212040,Rolfe,Wofenden,RolfeWofenden
m212046,Evelina,Loynes,EvelinaLoynes
m212052,Faustina,Bartusek,FaustinaBartusek
m212058,Gerda,Deniske,GerdaDeniske
m212064,Fanchon,Goddman,FanchonGoddman
m212070,Elbert,Teodorski,ElbertTeodorski
m212076,Tiff,L'oiseau,TiffL'oiseau
m212082,Carolann,Stainton,CarolannStainton
m212088,Miguel,Duchant,MiguelDuchant
m212094,Lucky,Semaine,LuckySemaine
m212100,Jory,Flewan,JoryFlewan
m212106,Dillon,Morrowe,DillonMorrowe
m212112,Arte,Dallywater,ArteDallywater
m212118,Theodosia,Pritchard,TheodosiaPritchard
m212124,Monti,Giffin,MontiGiffin
m212130,Jennilee,Hargey,JennileeHargey
m212136,Linette,Orum,LinetteOrum
m212142,Yul,De Filippi,YulDe Filippi
m212148,Mildrid,Germain,MildridGermain
m212154,Robin,Skipton,RobinSkipton
m212160,Ailbert,Ecclestone,AilbertEcclestone
m212166,Bjorn,Parish,BjornParish
m212172,Ted,Stonebanks,TedStonebanks
m212178,Shawn,Meikle,ShawnMeikle
m212184,Galvin,Dabling,GalvinDabling
m212190,Virgie,Camilio,VirgieCamilio
m212196,Ruben,Pickard,RubenPickard
m212202,Hilliard,Martinez,HilliardMartinez
m212208,Darby,Waudby,DarbyWaudby
m212214,Quintus,Noye,QuintusNoye
m212220,Marice,Ilewicz,MariceIlewicz
m212226,Kelley,Drinkwater,KelleyDrinkwater
m212232,Lesly,Gahagan,LeslyGahagan
m212238,Fiona,Caddell,FionaCaddell
m212244,Rivy,Vinsen,RivyVinsen
m212250,Dallon,Goodram,DallonGoodram
m212256,Ethelind,Jochanany,EthelindJochanany
m212262,Worthington,McArthur,WorthingtonMcArthur
m212268,Friedrich,Landsberg,FriedrichLandsberg
m212274,Giulio,Le Marchand,GiulioLe Marchand
m212280,Teddy,Petrol,TeddyPetrol
m212286,Aldus,Garlant,AldusGarlant
m212292,Talia,Studdeard,TaliaStuddeard
m212298,Martino,Simione,MartinoSimione
m212304,Donnajean,Marsy,DonnajeanMarsy
m212310,Sloane,Crinion,SloaneCrinion
m212316,Killy,Brittlebank,KillyBrittlebank
m212322,Laurent,Iacoboni,LaurentIacoboni
m212328,Haleigh,Lince,HaleighLince
m212334,Jade,Alsop,JadeAlsop
m212340,Niki,Bownd,NikiBownd
m212346,Hanni,Ruspine,HanniRuspine
m212352,Kelwin,Shewery,KelwinShewery
m212358,Stanleigh,Hanfrey,StanleighHanfrey
m212364,Ichabod,Kenefick,IchabodKenefick
m212370,Andras,Dudley,AndrasDudley
m212376,Gibb,Hatt,GibbHatt
m212382,Burk,Roskams,BurkRoskams
m212388,Carrol,Vanini,CarrolVanini
m212394,Xavier,Barks,XavierBarks
m212400,Elyssa,Scneider,ElyssaScneider
m212406,Randal,Siege,RandalSiege
m212412,Corenda,Colegate,CorendaColegate
m212418,Hilliary,Hoyle,HilliaryHoyle
m212424,Brian,Massard,BrianMassard
m212430,Allix,Wildman,AllixWildman
m212436,Paige,Yashanov,PaigeYashanov
m212442,Yetta,Stillman,YettaStillman
m212448,Nicol,Causbey,NicolCausbey
m212454,Nicolea,Reith,NicoleaReith
m212460,Towney,Wemyss,TowneyWemyss
m212466,Floria,Passingham,FloriaPassingham
m212472,Patrice,Minchin,PatriceMinchin
m212478,Darsie,Mahoney,DarsieMahoney
m212484,Devora,Tomblin,DevoraTomblin
m212490,Noelyn,Wastling,NoelynWastling
m212496,Terese,Gerlack,TereseGerlack
m212502,Othello,Heckle,OthelloHeckle
m212508,Ursala,Letcher,UrsalaLetcher
m212514,Malinda,Coslitt,MalindaCoslitt
m212520,Grete,Polk,GretePolk
m212526,Shanta,Tomasini,ShantaTomasini
m212532,Durant,Eddies,DurantEddies
m212538,Lindsy,Gauche,LindsyGauche
m212544,Karole,Askell,KaroleAskell
m212550,Veronique,Boniface,VeroniqueBoniface
m212556,Rinaldo,Bisterfeld,RinaldoBisterfeld
m212562,Elsbeth,Maskrey,ElsbethMaskrey
m212568,Corine,Chastagnier,CorineChastagnier
m212574,Kermy,Risman,KermyRisman
m212580,Sharron,Hamberstone,SharronHamberstone
m212586,Lemuel,Duffet,LemuelDuffet
m212592,Putnem,Miettinen,PutnemMiettinen
m212598,Huey,Wynne,HueyWynne
m212604,Charlton,Astridge,CharltonAstridge
m212610,Elfie,Hutton,ElfieHutton
m212616,Carlye,Tremayle,CarlyeTremayle
m212622,Ingram,Camble,IngramCamble
m212628,Elmira,Iacovone,ElmiraIacovone
m212634,Cesaro,Armfirld,CesaroArmfirld
m212640,Candide,Fulbrook,CandideFulbrook
m212646,Gerardo,Arundel,GerardoArundel
m212652,Donn,Cahan,DonnCahan
m212658,Neila,Belfit,NeilaBelfit
m212664,Mathe,Innocenti,MatheInnocenti
m212670,Jocelyne,Faint,JocelyneFaint
m212676,Stanford,Loraine,StanfordLoraine
m212682,Mikel,Greenman,MikelGreenman
m212688,Rudy,Pitbladdo,RudyPitbladdo
m212694,Tome,Buffey,TomeBuffey
m212700,Thornton,Thorald,ThorntonThorald
m212706,Alexei,Brasher,AlexeiBrasher
m212712,Maren,Fassam,MarenFassam
m212718,Andria,Tissiman,AndriaTissiman
m212724,Bale,Dudliston,BaleDudliston
m212730,Lukas,Belfelt,LukasBelfelt
m212736,Ham,Staig,HamStaig
m212742,Towney,Vose,TowneyVose
m212748,Sutton,Lismore,SuttonLismore
m212754,Eugene,Peto,EugenePeto
m212760,Aleta,Gerrad,AletaGerrad
m212766,Sascha,Rydings,SaschaRydings
m212772,Harold,Bottomore,HaroldBottomore
m212778,Ginni,Dello,GinniDello
m212784,Bastian,Libbie,BastianLibbie
m212790,Hendrick,Hurry,HendrickHurry
m212796,Joell,Marti,JoellMarti
m212802,Rebekkah,Hazzard,RebekkahHazzard
m212808,Aldus,Gerlack,AldusGerlack
m212814,Veronique,Stean,VeroniqueStean
m212820,Rebeca,Dreghorn,RebecaDreghorn
m212826,Nina,Piperley,NinaPiperley
m212832,Chucho,Kinneir,ChuchoKinneir
m212838,Agathe,Well,AgatheWell
m212844,Ferrel,Shimmin,FerrelShimmin
m212850,Devora,Michelle,DevoraMichelle
m212856,Carolee,Bilney,CaroleeBilney
m212862,Alia,Winnister,AliaWinnister
m212868,Allistir,Dow,AllistirDow
m212874,Appolonia,Chilvers,AppoloniaChilvers
m212880,Bevvy,Turfin,BevvyTurfin
m212886,Mervin,Bakes,MervinBakes
m212892,Ketti,Orrum,KettiOrrum
m212898,Claudian,Korbmaker,ClaudianKorbmaker
m212904,Jude,Weall,JudeWeall
m212910,Kendell,Corradi,KendellCorradi
m212916,Rosanne,Evangelinos,RosanneEvangelinos
m212922,Jenifer,Bienvenu,JeniferBienvenu
m212928,Lorain,Britt,LorainBritt
m212934,Ezekiel,Courvert,EzekielCourvert
m212940,Anatollo,Haydock,AnatolloHaydock
m212946,Darren,Goady,DarrenGoady
m212952,Rod,Beaves,RodBeaves
m212958,Gris,Okenfold,GrisOkenfold
m212964,Nicholle,Kelberman,NicholleKelberman
m212970,Freddie,Buske,FreddieBuske
m212976,Alano,Brimilcome,AlanoBrimilcome
m212982,Marco,Sandry,MarcoSandry
m212988,Yolane,Spofforth,YolaneSpofforth
m212994,Harmony,Corrigan,HarmonyCorrigan
m213000,Ingunna,Boyen,IngunnaBoyen
m213006,Frants,Guilayn,FrantsGuilayn
m213012,Hobart,Boutellier,HobartBoutellier
m213018,Stacia,Feldberger,StaciaFeldberger
m213024,Ronni,Moxstead,RonniMoxstead
m213030,Karoly,Colmer,KarolyColmer
m213036,Lily,Briatt,LilyBriatt
m213042,Riordan,Cornil,RiordanCornil
m213048,Bellanca,Keane,BellancaKeane
m213054,Stafford,Antoszczyk,StaffordAntoszczyk
m213060,Ransell,Whitfield,RansellWhitfield
m213066,Burtie,Flitcroft,BurtieFlitcroft
m213072,Verne,Vasilov,VerneVasilov
m213078,Garold,Coutts,GaroldCoutts
m213084,Stu,Bocken,StuBocken
m213090,Merwyn,Neve,MerwynNeve
m213096,Pauly,Mariault,PaulyMariault
m213102,Forrester,Petyakov,ForresterPetyakov
m213108,Raymund,Axworthy,RaymundAxworthy
m213114,Christin,Seyler,ChristinSeyler
m213120,Rowena,Deedes,RowenaDeedes
m213126,Demetre,Heinschke,DemetreHeinschke
m213132,Kennan,Bedin,KennanBedin
m213138,Anatole,Flemyng,AnatoleFlemyng
m213144,Monro,Creus,MonroCreus
m213150,Clifford,Gallanders,CliffordGallanders
m213156,Lula,Woodroffe,LulaWoodroffe
m213162,Francesco,Weldrick,FrancescoWeldrick
m213168,Rik,Riggeard,RikRiggeard
m213174,Pasquale,Thebe,PasqualeThebe
m213180,Ashley,Mollon,AshleyMollon
m213186,Helyn,Denys,HelynDenys
m213192,Early,Waye,EarlyWaye
m213198,Barb,Upex,BarbUpex
m213204,Barbra,Holborn,BarbraHolborn
m213210,Antonetta,Etchells,AntonettaEtchells
m213216,Bree,McIlwraith,BreeMcIlwraith
m213222,Laurence,Allon,LaurenceAllon
m213228,Yolanda,Setford,YolandaSetford
m213234,Hunter,Shute,HunterShute
m213240,Aguste,Zanneli,AgusteZanneli
m213246,Chrisy,Rawcliff,ChrisyRawcliff
m213252,Malena,Plester,MalenaPlester
m213258,Marleen,Beausang,MarleenBeausang
m213264,Annalise,Soares,AnnaliseSoares
m213270,Pattin,Gartan,PattinGartan
m213276,Felice,McLeish,FeliceMcLeish
m213282,Barnie,Prothero,BarnieProthero
m213288,Adrianna,Waszkiewicz,AdriannaWaszkiewicz
m213294,Danny,Balfour,DannyBalfour
m213300,Rance,Konert,RanceKonert
m213306,Hartwell,Coddington,HartwellCoddington
m213312,Scotty,Hainning,ScottyHainning
m213318,Konstantine,Eborn,KonstantineEborn
m213324,Esme,Weyland,EsmeWeyland
m213330,Jorey,Pender,JoreyPender
m213336,Yehudi,Kahan,YehudiKahan
m213342,Fulvia,McUre,FulviaMcUre
m213348,Cassondra,Heeney,CassondraHeeney
m213354,Drusie,Toten,DrusieToten
m213360,Bernice,Simper,BerniceSimper
m213366,Ker,Bessett,KerBessett
m213372,Imojean,Ludlem,ImojeanLudlem
m213378,Saidee,Boldt,SaideeBoldt
m213384,Daniele,Gynne,DanieleGynne
m213390,Malinda,Le febre,MalindaLe febre
m213396,Salmon,Chinnery,SalmonChinnery
m213402,Gabriela,Bottomer,GabrielaBottomer
m213408,Elsey,Josilevich,ElseyJosilevich
m213414,Maurise,Cowles,MauriseCowles
m213420,Constantino,Tomasz,ConstantinoTomasz
m213426,Adriaens,Gowans,AdriaensGowans
m213432,Hedda,Westell,HeddaWestell
m213438,Kimberlee,Penwright,KimberleePenwright
m213444,Floris,Cazin,FlorisCazin
m213450,Montague,Dunridge,MontagueDunridge
m213456,Gerri,Blind,GerriBlind
m213462,Amara,O'Suaird,AmaraO'Suaird
m213468,Rancell,McGuffog,RancellMcGuffog
m213474,Cynde,Harlett,CyndeHarlett
m213480,Shelia,Aksell,SheliaAksell
m213486,Anet,Ambrois,AnetAmbrois
m213492,Ingmar,Penberthy,IngmarPenberthy
m213498,Valeda,Bickerdyke,ValedaBickerdyke
m213504,Quillan,Hasnip,QuillanHasnip
m213510,Humbert,Aitchison,HumbertAitchison
m213516,Janifer,Tregea,JaniferTregea
m213522,Annadiana,Isaksson,AnnadianaIsaksson
m213528,Berta,Pearman,BertaPearman
m213534,Kerry,Polino,KerryPolino
m213540,Martita,Zimmermanns,MartitaZimmermanns
m213546,Allistir,Jarman,AllistirJarman
m213552,Harris,Andreix,HarrisAndreix
m213558,Bertrando,Springford,BertrandoSpringford
m213564,Camala,Gianolo,CamalaGianolo
m213570,Hartley,Squire,HartleySquire
m213576,Gilberte,Kisar,GilberteKisar
m213582,Cari,O'Cullen,CariO'Cullen
m213588,Benetta,Langhorne,BenettaLanghorne
m213594,Sterling,Cordobes,SterlingCordobes
m213600,Ewan,Mowne,EwanMowne
m213606,Ferguson,Floch,FergusonFloch
m213612,Mersey,Cradick,MerseyCradick
m213618,Vinny,Adriano,VinnyAdriano
m213624,Georgeanna,Clapperton,GeorgeannaClapperton
m213630,Cora,Gillise,CoraGillise
m213636,Chrisy,Eliet,ChrisyEliet
m213642,Yorker,Dowdam,YorkerDowdam
m213648,Darcy,Rayner,DarcyRayner
m213654,Luce,Ritchard,LuceRitchard
m213660,Miner,Barukh,MinerBarukh
m213666,Davida,Jersch,DavidaJersch
m213672,Nathanial,Deares,NathanialDeares
m213678,Jared,Sackett,JaredSackett
m213684,Crista,Gately,CristaGately
m213690,Vyky,Matkovic,VykyMatkovic
m213696,Putnem,Donnachie,PutnemDonnachie
m213702,Gipsy,Crumpton,GipsyCrumpton
m213708,Terrell,Mattson,TerrellMattson
m213714,Romeo,MacNulty,RomeoMacNulty
m213720,Pate,Barstowk,PateBarstowk
m213726,Valentia,Blandamere,ValentiaBlandamere
m213732,Jane,MacGarrity,JaneMacGarrity
m213738,Benton,Cotelard,BentonCotelard
m213744,Pandora,Carme,PandoraCarme
m213750,Ardella,Finnemore,ArdellaFinnemore
m213756,Annetta,Frederick,AnnettaFrederick
m213762,Valentijn,Peiser,ValentijnPeiser
m213768,Johannes,Shayler,JohannesShayler
m213774,Courtney,Walczynski,CourtneyWalczynski
m213780,Vite,McPake,ViteMcPake
m213786,Patin,Matthessen,PatinMatthessen
m213792,Kally,Guilloux,KallyGuilloux
m213798,Selle,Tregenna,SelleTregenna
m213804,Jasmine,Caunter,JasmineCaunter
m213810,Garrot,Hurll,GarrotHurll
m213816,Phillipp,Currm,PhillippCurrm
m213822,Ellie,Sturror,EllieSturror
m213828,Timi,Dales,TimiDales
m213834,Colas,Klaussen,ColasKlaussen
m213840,Arleyne,Kochs,ArleyneKochs
m213846,Joshua,Broderick,JoshuaBroderick
m213852,Tarrance,Gavozzi,TarranceGavozzi
m213858,Skye,Cadell,SkyeCadell
m213864,Consuela,Castana,ConsuelaCastana
m213870,Marlo,Sterman,MarloSterman
m213876,Carry,Barthel,CarryBarthel
m213882,Brendis,Lucien,BrendisLucien
m213888,Everett,Jerromes,EverettJerromes
m213894,Tony,Busen,TonyBusen
m213900,Horst,Garatty,HorstGaratty
m213906,Flossie,Branton,FlossieBranton
m213912,Anatole,MacClancey,AnatoleMacClancey
m213918,Teddi,Farrow,TeddiFarrow
m213924,Raye,Attew,RayeAttew
m213930,Indira,Muat,IndiraMuat
m213936,Grier,Symers,GrierSymers
m213942,Keeley,Canton,KeeleyCanton
m213948,Nettle,Bygate,NettleBygate
m213954,Sara-ann,Jakubski,Sara-annJakubski
m213960,Maje,Janikowski,MajeJanikowski
m213966,Riordan,Zannutti,RiordanZannutti
m213972,Emelia,Elsworth,EmeliaElsworth
m213978,Paulie,Yorston,PaulieYorston
m213984,Lyle,Ginnelly,LyleGinnelly
m213990,Barthel,Buesden,BarthelBuesden
m213996,Brittne,Schlag,BrittneSchlag
m214002,Von,Gumbrell,VonGumbrell
m214008,Janaye,Urquhart,JanayeUrquhart
m214014,Theda,Beavan,ThedaBeavan
m214020,Estevan,Warrilow,EstevanWarrilow
m214026,Magdaia,Baldoni,MagdaiaBaldoni
m214032,Ellissa,Blake,EllissaBlake
m214038,Ashia,Jindacek,AshiaJindacek
m214044,Jermain,Wickersley,JermainWickersley
m214050,Bethina,Chalfain,BethinaChalfain
m214056,Cecilio,Craighill,CecilioCraighill
m214062,Yulma,Hartil,YulmaHartil
m214068,Glendon,D'Oyly,GlendonD'Oyly
m214074,Roberto,Orpin,RobertoOrpin
m214080,Brien,O'Dowling,BrienO'Dowling
m214086,Erny,Blewmen,ErnyBlewmen
m214092,Rancell,Telega,RancellTelega
m214098,Chic,Lissandri,ChicLissandri
m214104,Scarlet,Karpinski,ScarletKarpinski
m214110,Verena,Battaille,VerenaBattaille
m214116,Mozes,Willeson,MozesWilleson
m214122,Nancy,McDavid,NancyMcDavid
m214128,Spencer,Gribben,SpencerGribben
m214134,Rosie,Suggett,RosieSuggett
m214140,Thatch,Shurman,ThatchShurman
m214146,Zacharia,Eary,ZachariaEary
m214152,Francis,Millam,FrancisMillam
m214158,Nelle,Sarl,NelleSarl
m214164,Olly,Redington,OllyRedington
m214170,Julee,Begley,JuleeBegley
m214176,Ty,Beretta,TyBeretta
m214182,Willey,Lilliman,WilleyLilliman
m214188,Sheppard,Hame,SheppardHame
m214194,Linette,Larner,LinetteLarner
m214200,Michail,Tomley,MichailTomley
m214206,Urbano,Stanyland,UrbanoStanyland
m214212,Natal,Brigstock,NatalBrigstock
m214218,Carroll,Barbier,CarrollBarbier
m214224,Inna,Fulbrook,InnaFulbrook
m214230,Maxwell,Callacher,MaxwellCallacher
m214236,Burton,Gouldstone,BurtonGouldstone
m214242,Laird,Braunston,LairdBraunston
m214248,Gibb,Yarham,GibbYarham
m214254,Leonora,Ollerearnshaw,LeonoraOllerearnshaw
m214260,Joelie,Whittock,JoelieWhittock
m214266,Ree,Farre,ReeFarre
m214272,Wenda,Mowles,WendaMowles
m214278,Rebecka,Pippin,RebeckaPippin
m214284,Anastasie,Dwelley,AnastasieDwelley
m214290,Cheston,Duerden,ChestonDuerden
m214296,Archer,Orsay,ArcherOrsay
m214302,Philly,Lerwell,PhillyLerwell
m214308,Marisa,Oliva,MarisaOliva
m214314,Emmy,Petr,EmmyPetr
m214320,Maximo,Pellissier,MaximoPellissier
m214326,Veriee,Madner,VerieeMadner
m214332,Amil,Withers,AmilWithers
m214338,Frederik,Lamberton,FrederikLamberton
m214344,Cory,Paz,CoryPaz
m214350,Bunnie,Llewelyn,BunnieLlewelyn
m214356,Marissa,Hearthfield,MarissaHearthfield
m214362,Dynah,Berwick,DynahBerwick
m214368,Toddie,Klimsch,ToddieKlimsch
m214374,Cori,Karpeev,CoriKarpeev
m214380,Tristam,Doggerell,TristamDoggerell
m214386,Naoma,Edwin,NaomaEdwin
m214392,Sybyl,Dugmore,SybylDugmore
m214398,Clyde,Garfath,ClydeGarfath
m214404,Lari,McArthur,LariMcArthur
m214410,Bartlet,Wiggall,BartletWiggall
m214416,Rhodie,Mullinder,RhodieMullinder
m214422,Dredi,Manginot,DrediManginot
m214428,Boris,Greenset,BorisGreenset
m214434,Kelci,Giddens,KelciGiddens
m214440,Agathe,Bestar,AgatheBestar
m214446,Elisha,Weine,ElishaWeine
m214452,Mick,Poulsum,MickPoulsum
m214458,Arluene,Mansion,ArlueneMansion
m214464,Helen-elizabeth,Jovey,Helen-elizabethJovey
m214470,Eolanda,Chattell,EolandaChattell
m214476,Sorcha,Greser,SorchaGreser
m214482,Wainwright,Pixton,WainwrightPixton
m214488,Myrtle,Dyter,MyrtleDyter
m214494,Cleveland,Bosch,ClevelandBosch
m214500,Rowan,Vowdon,RowanVowdon
m214506,Maison,Colquite,MaisonColquite
m214512,Ewen,Borwick,EwenBorwick
m214518,Clair,Antonsen,ClairAntonsen
m214524,Xavier,Pilmore,XavierPilmore
m214530,Alex,Lowrie,AlexLowrie
m214536,Korrie,Pinnijar,KorriePinnijar
m214542,Lonna,Jumont,LonnaJumont
m214548,Amitie,Schroder,AmitieSchroder
m214554,Christine,O' Mahony,ChristineO' Mahony
m214560,Elsy,Mandrier,ElsyMandrier
m214566,Silvain,Ell,SilvainEll
m214572,Felicdad,Attreed,FelicdadAttreed
m214578,Brandise,Barwis,BrandiseBarwis
m214584,Elwood,Boarder,ElwoodBoarder
m214590,Charmian,Sawell,CharmianSawell
m214596,Nicola,Boich,NicolaBoich
m214602,Seth,Fromont,SethFromont
m214608,Deanne,Asmus,DeanneAsmus
m214614,Nero,Netherwood,NeroNetherwood
m214620,Hester,Abel,HesterAbel
m214626,Giorgi,Voelker,GiorgiVoelker
m214632,Cecile,Humphery,CecileHumphery
m214638,Vale,Litel,ValeLitel
m214644,Parrnell,Korpal,ParrnellKorpal
m214650,Shannon,Gerard,ShannonGerard
m214656,Sarah,Sillett,SarahSillett
m214662,Lilyan,Doyley,LilyanDoyley
m214668,Wynn,Harsnep,WynnHarsnep
m214674,Herbie,Brislane,HerbieBrislane
m214680,Silvain,Efford,SilvainEfford
m214686,Brodie,Brumble,BrodieBrumble
m214692,Flinn,La Padula,FlinnLa Padula
m214698,Towny,McGaugey,TownyMcGaugey
m214704,Alberto,Niesegen,AlbertoNiesegen
m214710,Milty,Bust,MiltyBust
m214716,Franciska,Sabattier,FranciskaSabattier
m214722,Shanon,Czadla,ShanonCzadla
m214728,Curry,Elmore,CurryElmore
m214734,Andriana,Tweedle,AndrianaTweedle
m214740,Roderigo,Bowhay,RoderigoBowhay
m214746,Katrine,Moffet,KatrineMoffet
m214752,Adriena,Garfirth,AdrienaGarfirth
m214758,Shari,Nussii,ShariNussii
m214764,Jennie,Cluet,JennieCluet
m214770,Myrta,Joicey,MyrtaJoicey
m214776,Tammy,Russilll,TammyRussilll
m214782,Forster,Hartland,ForsterHartland
m214788,Joshua,Klimaszewski,JoshuaKlimaszewski
m214794,Alexis,Newarte,AlexisNewarte
m214800,Elia,Leney,EliaLeney
m214806,Torry,Hellis,TorryHellis
m214812,Julie,Dilloway,JulieDilloway
m214818,Tracey,Greensite,TraceyGreensite
m214824,Eduardo,Weatherell,EduardoWeatherell
m214830,Tori,Moralee,ToriMoralee
m214836,Nolana,Shortan,NolanaShortan
m214842,Case,Worlidge,CaseWorlidge
m214848,Daisy,Brimblecomb,DaisyBrimblecomb
m214854,Felike,Melpuss,FelikeMelpuss
m214860,Zea,Norssister,ZeaNorssister
m214866,Marilyn,Dunthorn,MarilynDunthorn
m214872,Heinrik,Cometto,HeinrikCometto
m214878,Nikos,Shorland,NikosShorland
m214884,Mona,Domel,MonaDomel
m214890,Elwin,Fillimore,ElwinFillimore
m214896,Kristi,Billanie,KristiBillanie
m214902,Stavro,Burnall,StavroBurnall
m214908,Gaye,Mustard,GayeMustard
m214914,Shepard,Duval,ShepardDuval
m214920,Norrie,Benner,NorrieBenner
m214926,Arda,Mithun,ArdaMithun
m214932,Nert,Stewartson,NertStewartson
m214938,Tami,Halfacre,TamiHalfacre
m214944,Sean,Gillard,SeanGillard
m214950,Angil,Day,AngilDay
m214956,Shayne,Southcombe,ShayneSouthcombe
m214962,Fitz,Samworth,FitzSamworth
m214968,Lucy,Sartin,LucySartin
m214974,Morgen,Leddie,MorgenLeddie
m214980,Shayne,Durbridge,ShayneDurbridge
m214986,Wilone,Gregine,WiloneGregine
m214992,Ber,Wratten,BerWratten
m214998,Michaeline,Tollett,MichaelineTollett
m215004,Peg,Hathwood,PegHathwood
m215010,Markus,Kalkhoven,MarkusKalkhoven
m215016,Rodolphe,Nickerson,RodolpheNickerson
m215022,Egor,McCullough,EgorMcCullough
m215028,Tiebold,Camm,TieboldCamm
m215034,Sonni,Kilbee,SonniKilbee
m215040,Urson,Loiterton,UrsonLoiterton
m215046,Cathleen,Cadamy,CathleenCadamy
m215052,Elvira,Lambell,ElviraLambell
m215058,Hammad,Ianiello,HammadIaniello
m215064,Matelda,Pastor,MateldaPastor
m215070,Gerik,Middleton,GerikMiddleton
m215076,Kristine,Savery,KristineSavery
m215082,Dagny,Holley,DagnyHolley
m215088,Candi,Leebetter,CandiLeebetter
m215094,Marlow,McMenemy,MarlowMcMenemy
m215100,Clayson,Culleton,ClaysonCulleton
m215106,Emylee,Bloyes,EmyleeBloyes
m215112,Ugo,Bannister,UgoBannister
m215118,Barri,Pearch,BarriPearch
m215124,Magdaia,Petrecz,MagdaiaPetrecz
m215130,Nonie,Gumbley,NonieGumbley
m215136,Sutherland,Gors,SutherlandGors
m215142,Poul,Cosely,PoulCosely
m215148,Abey,Piscot,AbeyPiscot
m215154,Chrissie,Fairbrother,ChrissieFairbrother
m215160,Leone,Docwra,LeoneDocwra
m215166,Read,Oatley,ReadOatley
m215172,Heddi,Sibylla,HeddiSibylla
m215178,Britt,Naul,BrittNaul
m215184,Antonin,Giraudel,AntoninGiraudel
m215190,Minor,Calbreath,MinorCalbreath
m215196,Huey,Wisdom,HueyWisdom
m215202,Welch,Hansley,WelchHansley
m215208,Lorraine,Pluvier,LorrainePluvier
m215214,Olympe,De Morena,OlympeDe Morena
m215220,Austine,Wandrey,AustineWandrey
m215226,Mufi,Yanshinov,MufiYanshinov
m215232,Correy,Villalta,CorreyVillalta
m215238,Nathaniel,Thirtle,NathanielThirtle
m215244,Richie,Collister,RichieCollister
m215250,Algernon,Chesnut,AlgernonChesnut
m215256,Chantalle,Romeril,ChantalleRomeril
m215262,Yehudi,Gibby,YehudiGibby
m215268,Idell,Skuse,IdellSkuse
m215274,Ryun,Orniz,RyunOrniz
m215280,Byrle,Gilks,ByrleGilks
m215286,Rusty,Bordis,RustyBordis
m215292,Lynda,Standfield,LyndaStandfield
m215298,Penny,Mosson,PennyMosson
m215304,Christiano,Redsull,ChristianoRedsull
m215310,Vaclav,Meegin,VaclavMeegin
m215316,Micheil,Rannells,MicheilRannells
m215322,Ursulina,Serjent,UrsulinaSerjent
m215328,Egbert,Mularkey,EgbertMularkey
m215334,Francis,Kinchlea,FrancisKinchlea
m215340,Eliot,Plumridge,EliotPlumridge
m215346,Giulietta,Megroff,GiuliettaMegroff
m215352,Filbert,Gerssam,FilbertGerssam
m215358,Doralynn,Athy,DoralynnAthy
m215364,Alana,Kretchmer,AlanaKretchmer
m215370,Demetre,Sponer,DemetreSponer
m215376,Pieter,Brennand,PieterBrennand
m215382,Raoul,Tough,RaoulTough
m215388,Dode,Fiddymont,DodeFiddymont
m215394,Gavan,Jeal,GavanJeal
m215400,Ada,Lenard,AdaLenard
m215406,Jedediah,Roberts,JedediahRoberts
m215412,Balduin,Jewar,BalduinJewar
m215418,Edita,Gamble,EditaGamble
m215424,Cyrus,Bostock,CyrusBostock
m215430,Kara-lynn,Ivanshintsev,Kara-lynnIvanshintsev
m215436,Jerome,Tibols,JeromeTibols
m215442,Buffy,Morman,BuffyMorman
m215448,Arthur,McAughtrie,ArthurMcAughtrie
m215454,Carter,Pock,CarterPock
m215460,Tim,Crannage,TimCrannage
m215466,Whitby,Pashenkov,WhitbyPashenkov
m215472,Cora,Jewel,CoraJewel
m215478,Inglebert,Bennett,InglebertBennett
m215484,Gus,Twidale,GusTwidale
m215490,Gilbertina,Forbes,GilbertinaForbes
m215496,Augustine,Bollom,AugustineBollom
m215502,Bernhard,Murdy,BernhardMurdy
m215508,Shalna,McChesney,ShalnaMcChesney
m215514,Adan,Carnson,AdanCarnson
m215520,Dario,Larmour,DarioLarmour
m215526,Tiffie,Wyldish,TiffieWyldish
m215532,Robinet,Andrag,RobinetAndrag
m215538,Oran,Girardeau,OranGirardeau
m215544,Falkner,Murr,FalknerMurr
m215550,Opalina,Birden,OpalinaBirden
m215556,Dee dee,McKennan,Dee deeMcKennan
m215562,Catlee,Pettengell,CatleePettengell
m215568,Dorise,Conningham,DoriseConningham
m215574,Nester,Linley,NesterLinley
m215580,Rozina,Twomey,RozinaTwomey
m215586,Meir,Ruddiman,MeirRuddiman
m215592,Eolanda,Bonson,EolandaBonson
m215598,Ruben,Semiraz,RubenSemiraz
m215604,Welby,Gregoletti,WelbyGregoletti
m215610,Filippo,Plenty,FilippoPlenty
m215616,Opalina,Itzkov,OpalinaItzkov
m215622,Robinetta,Northcott,RobinettaNorthcott
m215628,Dunn,Trewman,DunnTrewman
m215634,Tris,Unwin,TrisUnwin
m215640,Cynthia,Kilbourne,CynthiaKilbourne
m215646,Aldo,De Cleen,AldoDe Cleen
m215652,Charlene,Stot,CharleneStot
m215658,Edlin,Sellstrom,EdlinSellstrom
m215664,Devon,Gerry,DevonGerry
m215670,Moyra,Roskelly,MoyraRoskelly
m215676,Rice,Bardsley,RiceBardsley
m215682,Saleem,Standeven,SaleemStandeven
m215688,Robers,Sore,RobersSore
m215694,Rafaellle,Sperry,RafaellleSperry
m215700,Merwyn,Darbey,MerwynDarbey
m215706,Aurelia,Albone,AureliaAlbone
m215712,Patty,Schleicher,PattySchleicher
m215718,Karoly,Hourstan,KarolyHourstan
m215724,Bendick,Bowe,BendickBowe
m215730,Al,Alanbrooke,AlAlanbrooke
m215736,Carleen,Monkley,CarleenMonkley
m215742,Basilio,Saward,BasilioSaward
m215748,Keeley,Simmon,KeeleySimmon
m215754,Dex,Meigh,DexMeigh
m215760,Anastasia,Gobert,AnastasiaGobert
m215766,Carley,Runnacles,CarleyRunnacles
m215772,Joshua,Delouch,JoshuaDelouch
m215778,Chelsea,Wooderson,ChelseaWooderson
m215784,Jabez,Knevett,JabezKnevett
m215790,Whitney,Souten,WhitneySouten
m215796,Freedman,Medendorp,FreedmanMedendorp
m215802,Shae,Stife,ShaeStife
m215808,Leonanie,Lydiate,LeonanieLydiate
m215814,Martelle,McGaughay,MartelleMcGaughay
m215820,Morgun,Arp,MorgunArp
m215826,Vickie,Gillum,VickieGillum
m215832,Eduardo,Prickett,EduardoPrickett
m215838,Marsiella,Trout,MarsiellaTrout
m215844,Barton,Mucci,BartonMucci
m215850,Clair,Nutt,ClairNutt
m215856,Viviene,O'Fergus,VivieneO'Fergus
m215862,Joletta,Rielly,JolettaRielly
m215868,Daffie,Coultous,DaffieCoultous
m215874,Eleonora,Saipy,EleonoraSaipy
m215880,Winny,Stops,WinnyStops
m215886,Ethyl,Janicek,EthylJanicek
m215892,Urbano,Yarnold,UrbanoYarnold
m215898,Harp,Musicka,HarpMusicka
m215904,Daven,Rizziello,DavenRizziello
m215910,Tamera,Fagge,TameraFagge
m215916,Sherri,Corkett,SherriCorkett
m215922,Averil,Cuseick,AverilCuseick
m215928,Livy,Essel,LivyEssel
m215934,Adham,Harteley,AdhamHarteley
m215940,Sherry,Weighell,SherryWeighell
m215946,Osborne,McGuirk,OsborneMcGuirk
m215952,Viola,Eltone,ViolaEltone
m215958,Fredelia,Pilipets,FredeliaPilipets
m215964,Tobe,Cowl,TobeCowl
m215970,Fleur,Cleveley,FleurCleveley
m215976,Harriot,Gainsford,HarriotGainsford
m215982,Ulysses,Brackenbury,UlyssesBrackenbury
m215988,Cooper,Szymonowicz,CooperSzymonowicz
m215994,Cordelie,Filimore,CordelieFilimore
m216000,Neale,Hanshawe,NealeHanshawe
